,X,Y,value,,,,,,,,,,,,,,,
1,T1A,T1A,0,,,Twins,,dissimilarity,dissimilarity,similarity,,Piars,dissimilarity,similarity,,Twin pairs,BC dissimilarity,BC similarity
2,T1B,T1A,0.548609994,,,T1B,T1A,0.548609994,54.86099941,45.13900059,,T1A- T1B,54.9,45.1,,T1A- T1B,54.9,45.1
3,T2A,T1A,0.989718086,,,T2B,T2A,0.836408155,83.64081553,16.35918447,,T2A- T2B,83.6,16.4,,T2A- T2B,83.6,16.4
4,T2B,T1A,0.986266655,,,T3B,T3A,0.364026996,36.40269959,63.59730041,,T3A- T3B,36.4,63.6,,T3A- T3B,36.4,63.6
5,T3A,T1A,0.901252853,,,T4B,T4A,0.361378921,36.13789206,63.86210794,,T4A- T4B,36.1,63.9,,T4A- T4B,36.1,63.9
6,T3B,T1A,0.684182842,,,T5B,T5A,0.022459408,2.245940835,97.75405916,,T5A- T5B,2.2,97.8,,T5A- T5B,2.2,97.8
7,T4A,T1A,0.991919273,,,T6B,T6A,0.022019693,2.201969266,97.79803073,,T6A- T6B,2.2,97.8,,T6A- T6B,2.2,97.8
8,T4B,T1A,0.991539114,,,T7B,T7A,0.628267438,62.82674376,37.17325624,,T7A- T7B,62.8,37.2,,T7A- T7B,62.8,37.2
9,T5A,T1A,0.994425196,,,T8B,T8A,0.804578651,80.45786511,19.54213489,,T8A- T8B,80.5,19.5,,T8A- T8B,80.5,19.5
10,T5B,T1A,0.98569609,,,T9A,T9B,0.218082248,21.80822484,78.19177516,,T9A- T9B,21.8,78.2,,T9A- T9B,21.8,78.2
11,T6A,T1A,0.991520638,,,T10A,T10B,0.569722868,56.97228683,43.02771317,,T10A- T10B,57,43,,T10A- T10B,57,43
12,T6B,T1A,0.991252853,,,T11B,T11A,0.347577325,34.75773252,65.24226748,,T11A- T11B,34.8,65.2,,T11A- T11B,34.8,65.2
13,T7A,T1A,0.960476015,,,T12A,T12B,0.550467538,55.04675375,44.95324625,,T12A- T12B,55,45,,T12A- T12B,55,45
14,T7B,T1A,0.986116243,,,T13A,T13B,0.213754646,21.3754646,78.6245354,,T13A- T13B,21.4,78.6,,T13A- T13B,21.4,78.6
15,T8A,T1A,0.982953464,,,,,,,,,,,,,,,
16,T8B,T1A,0.6209692,,,,,,,,,,,,,,,
17,T9A,T1A,0.988134632,,,Non-twins,,,dissimilarity,similarity,,Non-twins- ,,,,Non-twin pairs,BC dissimilarity,BC similarity
18,T9B,T1A,0.988944726,,,T1A,T3B,0.684182842,68.41828417,31.58171583,,T1A- T3B,68.4,31.6,,T1A- T3B,68.4,31.6
19,T10A,T1A,0.444792314,,,T2A,T9B,0.924979025,92.49790249,7.502097507,,T2A- T9B,92.5,7.5,,T2A- T9B,92.5,7.5
20,T10B,T1A,0.978853435,,,T3A,T10B,0.604773187,60.47731867,39.52268133,,T3A- T10B,60.5,39.5,,T3A- T10B,60.5,39.5
21,T11A,T1A,0.991390223,,,T4A,T5A,0.100420371,10.04203708,89.95796292,,T4A- T5A,10,90,,T4A- T5A,10,90
22,T11B,T1A,0.986316865,,,T5A,T7B,0.432881518,43.2881518,56.7118482,,T5A- T7B,43.3,56.7,,T5A- T7B,43.3,56.7
23,T12A,T1A,0.990383637,,,T6A,T2B,0.27769296,27.76929598,72.23070402,,T6A- T2B,27.8,72.2,,T6A- T2B,27.8,72.2
24,T12B,T1A,0.962797835,,,T7A,T5B,0.901166996,90.11669963,9.883300367,,T7A- T5B,90.1,9.9,,T7A- T5B,90.1,9.9
25,T13A,T1A,0.986027778,,,T8A,T6B,0.792569174,79.25691743,20.74308257,,T8A- T6B,79.3,20.7,,T8A- T6B,79.3,20.7
26,T13B,T1A,0.987739692,,,T9A,T11B,0.343729432,34.37294325,65.62705675,,T9A- T11B,34.4,65.6,,T9A- T11B,34.4,65.6
27,T1A,T1B,0.548609994,,,T10A,T1B,0.562711327,56.27113265,43.72886735,,T10A- T1B,56.3,43.7,,T10A- T1B,56.3,43.7
28,T1B,T1B,0,,,T11A,T8B,0.840127372,84.01273719,15.98726281,,T11A- T8B,84,16,,T11A- T8B,84,16
29,T2A,T1B,0.983968309,,,T12A,T13B,0.545320495,54.53204947,45.46795053,,T12A- T13B,54.5,45.5,,T12A- T13B,54.5,45.5
30,T2B,T1B,0.924332384,,,T13A,T12B,0.565695872,56.56958724,43.43041276,,T13A- T12B,56.6,43.4,,T13A- T12B,56.6,43.4
31,T3A,T1B,0.907389093,,,,,,,,,,,,,,,
32,T3B,T1B,0.676384681,,,,,,,,,,,,,,,
33,T4A,T1B,0.987031539,,,,,,,,,,,,,,,
34,T4B,T1B,0.986246441,,,,,,,,,,,,,,,
35,T5A,T1B,0.988796487,,,,,,,,,,,,,,,
36,T5B,T1B,0.980061947,,,,,,,,,,,,,,,
37,T6A,T1B,0.983332536,,,,,,,,,,,,,,,
38,T6B,T1B,0.981481296,,,,,,,,,,,,,,,
39,T7A,T1B,0.940158454,,,,,,,,,,,,,,,
40,T7B,T1B,0.969748734,,,,,,,,,,,,,,,
41,T8A,T1B,0.645262243,,,,,,,,,,,,,,,
42,T8B,T1B,0.641072663,,,,,,,,,,,,,,,
43,T9A,T1B,0.981055274,,,,,,,,,,,,,,,
44,T9B,T1B,0.974964245,,,,,,,,,,,,,,,
45,T10A,T1B,0.562711327,,,,,,,,,,,,,,,
46,T10B,T1B,0.978202013,,,,,,,,,,,,,,,
47,T11A,T1B,0.984502141,,,,,,,,,,,,,,,
48,T11B,T1B,0.839639837,,,,,,,,,,,,,,,
49,T12A,T1B,0.971408047,,,,,,,,,,,,,,,
50,T12B,T1B,0.968518486,,,,,,,,,,,,,,,
51,T13A,T1B,0.481261982,,,,,,,,,,,,,,,
52,T13B,T1B,0.588990371,,,,,,,,,,,,,,,
53,T1A,T2A,0.989718086,,,,,,,,,,,,,,,
54,T1B,T2A,0.983968309,,,,,,,,,,,,,,,
55,T2A,T2A,0,,,,,,,,,,,,,,,
56,T2B,T2A,0.836408155,,,,,,,,,,,,,,,
57,T3A,T2A,0.759308366,,,,,,,,,,,,,,,
58,T3B,T2A,0.902416371,,,,,,,,,,,,,,,
59,T4A,T2A,0.934657552,,,,,,,,,,,,,,,
60,T4B,T2A,0.592505488,,,,,,,,,,,,,,,
61,T5A,T2A,0.92604082,,,,,,,,,,,,,,,
62,T5B,T2A,0.913340361,,,,,,,,,,,,,,,
63,T6A,T2A,0.920341252,,,,,,,,,,,,,,,
64,T6B,T2A,0.923147347,,,,,,,,,,,,,,,
65,T7A,T2A,0.111923838,,,,,,,,,,,,,,,
66,T7B,T2A,0.674189362,,,,,,,,,,,,,,,
67,T8A,T2A,0.541200904,,,,,,,,,,,,,,,
68,T8B,T2A,0.932538092,,,,,,,,,,,,,,,
69,T9A,T2A,0.850330602,,,,,,,,,,,,,,,
70,T9B,T2A,0.924979025,,,,,,,,,,,,,,,
71,T10A,T2A,0.932397679,,,,,,,,,,,,,,,
72,T10B,T2A,0.729329667,,,,,,,,,,,,,,,
73,T11A,T2A,0.924914035,,,,,,,,,,,,,,,
74,T11B,T2A,0.912662856,,,,,,,,,,,,,,,
75,T12A,T2A,0.871327407,,,,,,,,,,,,,,,
76,T12B,T2A,0.906337079,,,,,,,,,,,,,,,
77,T13A,T2A,0.878816702,,,,,,,,,,,,,,,
78,T13B,T2A,0.926259482,,,,,,,,,,,,,,,
79,T1A,T2B,0.986266655,,,,,,,,,,,,,,,
80,T1B,T2B,0.924332384,,,,,,,,,,,,,,,
81,T2A,T2B,0.836408155,,,,,,,,,,,,,,,
82,T2B,T2B,0,,,,,,,,,,,,,,,
83,T3A,T2B,0.362820223,,,,,,,,,,,,,,,
84,T3B,T2B,0.460982024,,,,,,,,,,,,,,,
85,T4A,T2B,0.292999544,,,,,,,,,,,,,,,
86,T4B,T2B,0.269848501,,,,,,,,,,,,,,,
87,T5A,T2B,0.293720738,,,,,,,,,,,,,,,
88,T5B,T2B,0.280354729,,,,,,,,,,,,,,,
89,T6A,T2B,0.27769296,,,,,,,,,,,,,,,
90,T6B,T2B,0.284611907,,,,,,,,,,,,,,,
91,T7A,T2B,0.805759558,,,,,,,,,,,,,,,
92,T7B,T2B,0.336247093,,,,,,,,,,,,,,,
93,T8A,T2B,0.697515813,,,,,,,,,,,,,,,
94,T8B,T2B,0.845047927,,,,,,,,,,,,,,,
95,T9A,T2B,0.173870498,,,,,,,,,,,,,,,
96,T9B,T2B,0.270565566,,,,,,,,,,,,,,,
97,T10A,T2B,0.76460256,,,,,,,,,,,,,,,
98,T10B,T2B,0.684148934,,,,,,,,,,,,,,,
99,T11A,T2B,0.288783881,,,,,,,,,,,,,,,
100,T11B,T2B,0.295847371,,,,,,,,,,,,,,,
101,T12A,T2B,0.120930511,,,,,,,,,,,,,,,
102,T12B,T2B,0.550478405,,,,,,,,,,,,,,,
103,T13A,T2B,0.497874237,,,,,,,,,,,,,,,
104,T13B,T2B,0.541440216,,,,,,,,,,,,,,,
105,T1A,T3A,0.901252853,,,,,,,,,,,,,,,
106,T1B,T3A,0.907389093,,,,,,,,,,,,,,,
107,T2A,T3A,0.759308366,,,,,,,,,,,,,,,
108,T2B,T3A,0.362820223,,,,,,,,,,,,,,,
109,T3A,T3A,0,,,,,,,,,,,,,,,
110,T3B,T3A,0.364026996,,,,,,,,,,,,,,,
111,T4A,T3A,0.474390854,,,,,,,,,,,,,,,
112,T4B,T3A,0.302895212,,,,,,,,,,,,,,,
113,T5A,T3A,0.469557459,,,,,,,,,,,,,,,
114,T5B,T3A,0.45337666,,,,,,,,,,,,,,,
115,T6A,T3A,0.464433456,,,,,,,,,,,,,,,
116,T6B,T3A,0.463596192,,,,,,,,,,,,,,,
117,T7A,T3A,0.710242137,,,,,,,,,,,,,,,
118,T7B,T3A,0.280438629,,,,,,,,,,,,,,,
119,T8A,T3A,0.606652683,,,,,,,,,,,,,,,
120,T8B,T3A,0.771758211,,,,,,,,,,,,,,,
121,T9A,T3A,0.389776773,,,,,,,,,,,,,,,
122,T9B,T3A,0.456504662,,,,,,,,,,,,,,,
123,T10A,T3A,0.70328863,,,,,,,,,,,,,,,
124,T10B,T3A,0.604773187,,,,,,,,,,,,,,,
125,T11A,T3A,0.464694503,,,,,,,,,,,,,,,
126,T11B,T3A,0.436738975,,,,,,,,,,,,,,,
127,T12A,T3A,0.399419436,,,,,,,,,,,,,,,
128,T12B,T3A,0.552572217,,,,,,,,,,,,,,,
129,T13A,T3A,0.53655748,,,,,,,,,,,,,,,
130,T13B,T3A,0.544108071,,,,,,,,,,,,,,,
131,T1A,T3B,0.684182842,,,,,,,,,,,,,,,
132,T1B,T3B,0.676384681,,,,,,,,,,,,,,,
133,T2A,T3B,0.902416371,,,,,,,,,,,,,,,
134,T2B,T3B,0.460982024,,,,,,,,,,,,,,,
135,T3A,T3B,0.364026996,,,,,,,,,,,,,,,
136,T3B,T3B,0,,,,,,,,,,,,,,,
137,T4A,T3B,0.492860869,,,,,,,,,,,,,,,
138,T4B,T3B,0.462484187,,,,,,,,,,,,,,,
139,T5A,T3B,0.479133175,,,,,,,,,,,,,,,
140,T5B,T3B,0.462910209,,,,,,,,,,,,,,,
141,T6A,T3B,0.47367531,,,,,,,,,,,,,,,
142,T6B,T3B,0.47336101,,,,,,,,,,,,,,,
143,T7A,T3B,0.853853979,,,,,,,,,,,,,,,
144,T7B,T3B,0.426295781,,,,,,,,,,,,,,,
145,T8A,T3B,0.755056187,,,,,,,,,,,,,,,
146,T8B,T3B,0.529927837,,,,,,,,,,,,,,,
147,T9A,T3B,0.461412828,,,,,,,,,,,,,,,
148,T9B,T3B,0.477091312,,,,,,,,,,,,,,,
149,T10A,T3B,0.463907449,,,,,,,,,,,,,,,
150,T10B,T3B,0.70674919,,,,,,,,,,,,,,,
151,T11A,T3B,0.476139066,,,,,,,,,,,,,,,
152,T11B,T3B,0.456130589,,,,,,,,,,,,,,,
153,T12A,T3B,0.463698133,,,,,,,,,,,,,,,
154,T12B,T3B,0.564592997,,,,,,,,,,,,,,,
155,T13A,T3B,0.581769948,,,,,,,,,,,,,,,
156,T13B,T3B,0.546877214,,,,,,,,,,,,,,,
157,T1A,T4A,0.991919273,,,,,,,,,,,,,,,
158,T1B,T4A,0.987031539,,,,,,,,,,,,,,,
159,T2A,T4A,0.934657552,,,,,,,,,,,,,,,
160,T2B,T4A,0.292999544,,,,,,,,,,,,,,,
161,T3A,T4A,0.474390854,,,,,,,,,,,,,,,
162,T3B,T4A,0.492860869,,,,,,,,,,,,,,,
163,T4A,T4A,0,,,,,,,,,,,,,,,
164,T4B,T4A,0.361378921,,,,,,,,,,,,,,,
165,T5A,T4A,0.100420371,,,,,,,,,,,,,,,
166,T5B,T4A,0.104393462,,,,,,,,,,,,,,,
167,T6A,T4A,0.050680331,,,,,,,,,,,,,,,
168,T6B,T4A,0.062099246,,,,,,,,,,,,,,,
169,T7A,T4A,0.936531397,,,,,,,,,,,,,,,
170,T7B,T4A,0.454865781,,,,,,,,,,,,,,,
171,T8A,T4A,0.790591866,,,,,,,,,,,,,,,
172,T8B,T4A,0.85046319,,,,,,,,,,,,,,,
173,T9A,T4A,0.241443259,,,,,,,,,,,,,,,
174,T9B,T4A,0.065451127,,,,,,,,,,,,,,,
175,T10A,T4A,0.769426174,,,,,,,,,,,,,,,
176,T10B,T4A,0.781376747,,,,,,,,,,,,,,,
177,T11A,T4A,0.030512096,,,,,,,,,,,,,,,
178,T11B,T4A,0.370399722,,,,,,,,,,,,,,,
179,T12A,T4A,0.301580412,,,,,,,,,,,,,,,
180,T12B,T4A,0.58510118,,,,,,,,,,,,,,,
181,T13A,T4A,0.613782903,,,,,,,,,,,,,,,
182,T13B,T4A,0.563312539,,,,,,,,,,,,,,,
183,T1A,T4B,0.991539114,,,,,,,,,,,,,,,
184,T1B,T4B,0.986246441,,,,,,,,,,,,,,,
185,T2A,T4B,0.592505488,,,,,,,,,,,,,,,
186,T2B,T4B,0.269848501,,,,,,,,,,,,,,,
187,T3A,T4B,0.302895212,,,,,,,,,,,,,,,
188,T3B,T4B,0.462484187,,,,,,,,,,,,,,,
189,T4A,T4B,0.361378921,,,,,,,,,,,,,,,
190,T4B,T4B,0,,,,,,,,,,,,,,,
191,T5A,T4B,0.358345034,,,,,,,,,,,,,,,
192,T5B,T4B,0.349690917,,,,,,,,,,,,,,,
193,T6A,T4B,0.356931771,,,,,,,,,,,,,,,
194,T6B,T4B,0.357589932,,,,,,,,,,,,,,,
195,T7A,T4B,0.583142348,,,,,,,,,,,,,,,
196,T7B,T4B,0.188216358,,,,,,,,,,,,,,,
197,T8A,T4B,0.445096398,,,,,,,,,,,,,,,
198,T8B,T4B,0.83641185,,,,,,,,,,,,,,,
199,T9A,T4B,0.280774665,,,,,,,,,,,,,,,
200,T9B,T4B,0.355107266,,,,,,,,,,,,,,,
201,T10A,T4B,0.763580977,,,,,,,,,,,,,,,
202,T10B,T4B,0.580179103,,,,,,,,,,,,,,,
203,T11A,T4B,0.356770057,,,,,,,,,,,,,,,
204,T11B,T4B,0.351508901,,,,,,,,,,,,,,,
205,T12A,T4B,0.30023366,,,,,,,,,,,,,,,
206,T12B,T4B,0.552450279,,,,,,,,,,,,,,,
207,T13A,T4B,0.559200991,,,,,,,,,,,,,,,
208,T13B,T4B,0.55706436,,,,,,,,,,,,,,,
209,T1A,T5A,0.994425196,,,,,,,,,,,,,,,
210,T1B,T5A,0.988796487,,,,,,,,,,,,,,,
211,T2A,T5A,0.92604082,,,,,,,,,,,,,,,
212,T2B,T5A,0.293720738,,,,,,,,,,,,,,,
213,T3A,T5A,0.469557459,,,,,,,,,,,,,,,
214,T3B,T5A,0.479133175,,,,,,,,,,,,,,,
215,T4A,T5A,0.100420371,,,,,,,,,,,,,,,
216,T4B,T5A,0.358345034,,,,,,,,,,,,,,,
217,T5A,T5A,0,,,,,,,,,,,,,,,
218,T5B,T5A,0.022459408,,,,,,,,,,,,,,,
219,T6A,T5A,0.067510161,,,,,,,,,,,,,,,
220,T6B,T5A,0.053929402,,,,,,,,,,,,,,,
221,T7A,T5A,0.915375704,,,,,,,,,,,,,,,
222,T7B,T5A,0.432881518,,,,,,,,,,,,,,,
223,T8A,T5A,0.793850936,,,,,,,,,,,,,,,
224,T8B,T5A,0.846981764,,,,,,,,,,,,,,,
225,T9A,T5A,0.232146847,,,,,,,,,,,,,,,
226,T9B,T5A,0.088990371,,,,,,,,,,,,,,,
227,T10A,T5A,0.764655161,,,,,,,,,,,,,,,
228,T10B,T5A,0.783081053,,,,,,,,,,,,,,,
229,T11A,T5A,0.081045058,,,,,,,,,,,,,,,
230,T11B,T5A,0.273413828,,,,,,,,,,,,,,,
231,T12A,T5A,0.292003173,,,,,,,,,,,,,,,
232,T12B,T5A,0.587033712,,,,,,,,,,,,,,,
233,T13A,T5A,0.612627861,,,,,,,,,,,,,,,
234,T13B,T5A,0.556754624,,,,,,,,,,,,,,,
235,T1A,T5B,0.98569609,,,,,,,,,,,,,,,
236,T1B,T5B,0.980061947,,,,,,,,,,,,,,,
237,T2A,T5B,0.913340361,,,,,,,,,,,,,,,
238,T2B,T5B,0.280354729,,,,,,,,,,,,,,,
239,T3A,T5B,0.45337666,,,,,,,,,,,,,,,
240,T3B,T5B,0.462910209,,,,,,,,,,,,,,,
241,T4A,T5B,0.104393462,,,,,,,,,,,,,,,
242,T4B,T5B,0.349690917,,,,,,,,,,,,,,,
243,T5A,T5B,0.022459408,,,,,,,,,,,,,,,
244,T5B,T5B,0,,,,,,,,,,,,,,,
245,T6A,T5B,0.077248462,,,,,,,,,,,,,,,
246,T6B,T5B,0.064255874,,,,,,,,,,,,,,,
247,T7A,T5B,0.901166996,,,,,,,,,,,,,,,
248,T7B,T5B,0.423225596,,,,,,,,,,,,,,,
249,T8A,T5B,0.77873954,,,,,,,,,,,,,,,
250,T8B,T5B,0.84289456,,,,,,,,,,,,,,,
251,T9A,T5B,0.223741822,,,,,,,,,,,,,,,
252,T9B,T5B,0.097276284,,,,,,,,,,,,,,,
253,T10A,T5B,0.760896168,,,,,,,,,,,,,,,
254,T10B,T5B,0.768426109,,,,,,,,,,,,,,,
255,T11A,T5B,0.09092812,,,,,,,,,,,,,,,
256,T11B,T5B,0.274022866,,,,,,,,,,,,,,,
257,T12A,T5B,0.28459104,,,,,,,,,,,,,,,
258,T12B,T5B,0.577365618,,,,,,,,,,,,,,,
259,T13A,T5B,0.602031865,,,,,,,,,,,,,,,
260,T13B,T5B,0.554303041,,,,,,,,,,,,,,,
261,T1A,T6A,0.991520638,,,,,,,,,,,,,,,
262,T1B,T6A,0.983332536,,,,,,,,,,,,,,,
263,T2A,T6A,0.920341252,,,,,,,,,,,,,,,
264,T2B,T6A,0.27769296,,,,,,,,,,,,,,,
265,T3A,T6A,0.464433456,,,,,,,,,,,,,,,
266,T3B,T6A,0.47367531,,,,,,,,,,,,,,,
267,T4A,T6A,0.050680331,,,,,,,,,,,,,,,
268,T4B,T6A,0.356931771,,,,,,,,,,,,,,,
269,T5A,T6A,0.067510161,,,,,,,,,,,,,,,
270,T5B,T6A,0.077248462,,,,,,,,,,,,,,,
271,T6A,T6A,0,,,,,,,,,,,,,,,
272,T6B,T6A,0.022019693,,,,,,,,,,,,,,,
273,T7A,T6A,0.91042537,,,,,,,,,,,,,,,
274,T7B,T6A,0.426727237,,,,,,,,,,,,,,,
275,T8A,T6A,0.79260656,,,,,,,,,,,,,,,
276,T8B,T6A,0.845412655,,,,,,,,,,,,,,,
277,T9A,T6A,0.219821984,,,,,,,,,,,,,,,
278,T9B,T6A,0.050849219,,,,,,,,,,,,,,,
279,T10A,T6A,0.7631743,,,,,,,,,,,,,,,
280,T10B,T6A,0.781056796,,,,,,,,,,,,,,,
281,T11A,T6A,0.029074271,,,,,,,,,,,,,,,
282,T11B,T6A,0.334002869,,,,,,,,,,,,,,,
283,T12A,T6A,0.286713978,,,,,,,,,,,,,,,
284,T12B,T6A,0.58545091,,,,,,,,,,,,,,,
285,T13A,T6A,0.603349708,,,,,,,,,,,,,,,
286,T13B,T6A,0.543840068,,,,,,,,,,,,,,,
287,T1A,T6B,0.991252853,,,,,,,,,,,,,,,
288,T1B,T6B,0.981481296,,,,,,,,,,,,,,,
289,T2A,T6B,0.923147347,,,,,,,,,,,,,,,
290,T2B,T6B,0.284611907,,,,,,,,,,,,,,,
291,T3A,T6B,0.463596192,,,,,,,,,,,,,,,
292,T3B,T6B,0.47336101,,,,,,,,,,,,,,,
293,T4A,T6B,0.062099246,,,,,,,,,,,,,,,
294,T4B,T6B,0.357589932,,,,,,,,,,,,,,,
295,T5A,T6B,0.053929402,,,,,,,,,,,,,,,
296,T5B,T6B,0.064255874,,,,,,,,,,,,,,,
297,T6A,T6B,0.022019693,,,,,,,,,,,,,,,
298,T6B,T6B,0,,,,,,,,,,,,,,,
299,T7A,T6B,0.909843937,,,,,,,,,,,,,,,
300,T7B,T6B,0.426720934,,,,,,,,,,,,,,,
301,T8A,T6B,0.792569174,,,,,,,,,,,,,,,
302,T8B,T6B,0.845413959,,,,,,,,,,,,,,,
303,T9A,T6B,0.227770122,,,,,,,,,,,,,,,
304,T9B,T6B,0.050170409,,,,,,,,,,,,,,,
305,T10A,T6B,0.763227987,,,,,,,,,,,,,,,
306,T10B,T6B,0.781415871,,,,,,,,,,,,,,,
307,T11A,T6B,0.038238529,,,,,,,,,,,,,,,
308,T11B,T6B,0.317212598,,,,,,,,,,,,,,,
309,T12A,T6B,0.28481405,,,,,,,,,,,,,,,
310,T12B,T6B,0.586146673,,,,,,,,,,,,,,,
311,T13A,T6B,0.604453235,,,,,,,,,,,,,,,
312,T13B,T6B,0.548901037,,,,,,,,,,,,,,,
313,T1A,T7A,0.960476015,,,,,,,,,,,,,,,
314,T1B,T7A,0.940158454,,,,,,,,,,,,,,,
315,T2A,T7A,0.111923838,,,,,,,,,,,,,,,
316,T2B,T7A,0.805759558,,,,,,,,,,,,,,,
317,T3A,T7A,0.710242137,,,,,,,,,,,,,,,
318,T3B,T7A,0.853853979,,,,,,,,,,,,,,,
319,T4A,T7A,0.936531397,,,,,,,,,,,,,,,
320,T4B,T7A,0.583142348,,,,,,,,,,,,,,,
321,T5A,T7A,0.915375704,,,,,,,,,,,,,,,
322,T5B,T7A,0.901166996,,,,,,,,,,,,,,,
323,T6A,T7A,0.91042537,,,,,,,,,,,,,,,
324,T6B,T7A,0.909843937,,,,,,,,,,,,,,,
325,T7A,T7A,0,,,,,,,,,,,,,,,
326,T7B,T7A,0.628267438,,,,,,,,,,,,,,,
327,T8A,T7A,0.535211598,,,,,,,,,,,,,,,
328,T8B,T7A,0.899336623,,,,,,,,,,,,,,,
329,T9A,T7A,0.834722542,,,,,,,,,,,,,,,
330,T9B,T7A,0.908450453,,,,,,,,,,,,,,,
331,T10A,T7A,0.907106093,,,,,,,,,,,,,,,
332,T10B,T7A,0.726888517,,,,,,,,,,,,,,,
333,T11A,T7A,0.918538701,,,,,,,,,,,,,,,
334,T11B,T7A,0.88267981,,,,,,,,,,,,,,,
335,T12A,T7A,0.838654335,,,,,,,,,,,,,,,
336,T12B,T7A,0.90305084,,,,,,,,,,,,,,,
337,T13A,T7A,0.847230856,,,,,,,,,,,,,,,
338,T13B,T7A,0.917972265,,,,,,,,,,,,,,,
339,T1A,T7B,0.986116243,,,,,,,,,,,,,,,
340,T1B,T7B,0.969748734,,,,,,,,,,,,,,,
341,T2A,T7B,0.674189362,,,,,,,,,,,,,,,
342,T2B,T7B,0.336247093,,,,,,,,,,,,,,,
343,T3A,T7B,0.280438629,,,,,,,,,,,,,,,
344,T3B,T7B,0.426295781,,,,,,,,,,,,,,,
345,T4A,T7B,0.454865781,,,,,,,,,,,,,,,
346,T4B,T7B,0.188216358,,,,,,,,,,,,,,,
347,T5A,T7B,0.432881518,,,,,,,,,,,,,,,
348,T5B,T7B,0.423225596,,,,,,,,,,,,,,,
349,T6A,T7B,0.426727237,,,,,,,,,,,,,,,
350,T6B,T7B,0.426720934,,,,,,,,,,,,,,,
351,T7A,T7B,0.628267438,,,,,,,,,,,,,,,
352,T7B,T7B,0,,,,,,,,,,,,,,,
353,T8A,T7B,0.535220727,,,,,,,,,,,,,,,
354,T8B,T7B,0.832000348,,,,,,,,,,,,,,,
355,T9A,T7B,0.354422805,,,,,,,,,,,,,,,
356,T9B,T7B,0.42455322,,,,,,,,,,,,,,,
357,T10A,T7B,0.76003456,,,,,,,,,,,,,,,
358,T10B,T7B,0.57773078,,,,,,,,,,,,,,,
359,T11A,T7B,0.434496924,,,,,,,,,,,,,,,
360,T11B,T7B,0.403343187,,,,,,,,,,,,,,,
361,T12A,T7B,0.36316604,,,,,,,,,,,,,,,
362,T12B,T7B,0.548681505,,,,,,,,,,,,,,,
363,T13A,T7B,0.544051992,,,,,,,,,,,,,,,
364,T13B,T7B,0.544009607,,,,,,,,,,,,,,,
365,T1A,T8A,0.982953464,,,,,,,,,,,,,,,
366,T1B,T8A,0.645262243,,,,,,,,,,,,,,,
367,T2A,T8A,0.541200904,,,,,,,,,,,,,,,
368,T2B,T8A,0.697515813,,,,,,,,,,,,,,,
369,T3A,T8A,0.606652683,,,,,,,,,,,,,,,
370,T3B,T8A,0.755056187,,,,,,,,,,,,,,,
371,T4A,T8A,0.790591866,,,,,,,,,,,,,,,
372,T4B,T8A,0.445096398,,,,,,,,,,,,,,,
373,T5A,T8A,0.793850936,,,,,,,,,,,,,,,
374,T5B,T8A,0.77873954,,,,,,,,,,,,,,,
375,T6A,T8A,0.79260656,,,,,,,,,,,,,,,
376,T6B,T8A,0.792569174,,,,,,,,,,,,,,,
377,T7A,T8A,0.535211598,,,,,,,,,,,,,,,
378,T7B,T8A,0.535220727,,,,,,,,,,,,,,,
379,T8A,T8A,0,,,,,,,,,,,,,,,
380,T8B,T8A,0.804578651,,,,,,,,,,,,,,,
381,T9A,T8A,0.710396244,,,,,,,,,,,,,,,
382,T9B,T8A,0.789797205,,,,,,,,,,,,,,,
383,T10A,T8A,0.790859869,,,,,,,,,,,,,,,
384,T10B,T8A,0.575681092,,,,,,,,,,,,,,,
385,T11A,T8A,0.792270307,,,,,,,,,,,,,,,
386,T11B,T8A,0.775806508,,,,,,,,,,,,,,,
387,T12A,T8A,0.736742018,,,,,,,,,,,,,,,
388,T12B,T8A,0.716583346,,,,,,,,,,,,,,,
389,T13A,T8A,0.402668942,,,,,,,,,,,,,,,
390,T13B,T8A,0.4539131,,,,,,,,,,,,,,,
391,T1A,T8B,0.6209692,,,,,,,,,,,,,,,
392,T1B,T8B,0.641072663,,,,,,,,,,,,,,,
393,T2A,T8B,0.932538092,,,,,,,,,,,,,,,
394,T2B,T8B,0.845047927,,,,,,,,,,,,,,,
395,T3A,T8B,0.771758211,,,,,,,,,,,,,,,
396,T3B,T8B,0.529927837,,,,,,,,,,,,,,,
397,T4A,T8B,0.85046319,,,,,,,,,,,,,,,
398,T4B,T8B,0.83641185,,,,,,,,,,,,,,,
399,T5A,T8B,0.846981764,,,,,,,,,,,,,,,
400,T5B,T8B,0.84289456,,,,,,,,,,,,,,,
401,T6A,T8B,0.845412655,,,,,,,,,,,,,,,
402,T6B,T8B,0.845413959,,,,,,,,,,,,,,,
403,T7A,T8B,0.899336623,,,,,,,,,,,,,,,
404,T7B,T8B,0.832000348,,,,,,,,,,,,,,,
405,T8A,T8B,0.804578651,,,,,,,,,,,,,,,
406,T8B,T8B,0,,,,,,,,,,,,,,,
407,T9A,T8B,0.833216032,,,,,,,,,,,,,,,
408,T9B,T8B,0.844785359,,,,,,,,,,,,,,,
409,T10A,T8B,0.496883083,,,,,,,,,,,,,,,
410,T10B,T8B,0.844373248,,,,,,,,,,,,,,,
411,T11A,T8B,0.840127372,,,,,,,,,,,,,,,
412,T11B,T8B,0.840862043,,,,,,,,,,,,,,,
413,T12A,T8B,0.845696307,,,,,,,,,,,,,,,
414,T12B,T8B,0.540257352,,,,,,,,,,,,,,,
415,T13A,T8B,0.842344208,,,,,,,,,,,,,,,
416,T13B,T8B,0.843572717,,,,,,,,,,,,,,,
417,T1A,T9A,0.988134632,,,,,,,,,,,,,,,
418,T1B,T9A,0.981055274,,,,,,,,,,,,,,,
419,T2A,T9A,0.850330602,,,,,,,,,,,,,,,
420,T2B,T9A,0.173870498,,,,,,,,,,,,,,,
421,T3A,T9A,0.389776773,,,,,,,,,,,,,,,
422,T3B,T9A,0.461412828,,,,,,,,,,,,,,,
423,T4A,T9A,0.241443259,,,,,,,,,,,,,,,
424,T4B,T9A,0.280774665,,,,,,,,,,,,,,,
425,T5A,T9A,0.232146847,,,,,,,,,,,,,,,
426,T5B,T9A,0.223741822,,,,,,,,,,,,,,,
427,T6A,T9A,0.219821984,,,,,,,,,,,,,,,
428,T6B,T9A,0.227770122,,,,,,,,,,,,,,,
429,T7A,T9A,0.834722542,,,,,,,,,,,,,,,
430,T7B,T9A,0.354422805,,,,,,,,,,,,,,,
431,T8A,T9A,0.710396244,,,,,,,,,,,,,,,
432,T8B,T9A,0.833216032,,,,,,,,,,,,,,,
433,T9A,T9A,0,,,,,,,,,,,,,,,
434,T9B,T9A,0.218082248,,,,,,,,,,,,,,,
435,T10A,T9A,0.761713,,,,,,,,,,,,,,,
436,T10B,T9A,0.707098485,,,,,,,,,,,,,,,
437,T11A,T9A,0.229562675,,,,,,,,,,,,,,,
438,T11B,T9A,0.343729432,,,,,,,,,,,,,,,
439,T12A,T9A,0.21637077,,,,,,,,,,,,,,,
440,T12B,T9A,0.548301128,,,,,,,,,,,,,,,
441,T13A,T9A,0.529174256,,,,,,,,,,,,,,,
442,T13B,T9A,0.542824135,,,,,,,,,,,,,,,
443,T1A,T9B,0.988944726,,,,,,,,,,,,,,,
444,T1B,T9B,0.974964245,,,,,,,,,,,,,,,
445,T2A,T9B,0.924979025,,,,,,,,,,,,,,,
446,T2B,T9B,0.270565566,,,,,,,,,,,,,,,
447,T3A,T9B,0.456504662,,,,,,,,,,,,,,,
448,T3B,T9B,0.477091312,,,,,,,,,,,,,,,
449,T4A,T9B,0.065451127,,,,,,,,,,,,,,,
450,T4B,T9B,0.355107266,,,,,,,,,,,,,,,
451,T5A,T9B,0.088990371,,,,,,,,,,,,,,,
452,T5B,T9B,0.097276284,,,,,,,,,,,,,,,
453,T6A,T9B,0.050849219,,,,,,,,,,,,,,,
454,T6B,T9B,0.050170409,,,,,,,,,,,,,,,
455,T7A,T9B,0.908450453,,,,,,,,,,,,,,,
456,T7B,T9B,0.42455322,,,,,,,,,,,,,,,
457,T8A,T9B,0.789797205,,,,,,,,,,,,,,,
458,T8B,T9B,0.844785359,,,,,,,,,,,,,,,
459,T9A,T9B,0.218082248,,,,,,,,,,,,,,,
460,T9B,T9B,0,,,,,,,,,,,,,,,
461,T10A,T9B,0.763135827,,,,,,,,,,,,,,,
462,T10B,T9B,0.778303954,,,,,,,,,,,,,,,
463,T11A,T9B,0.052221401,,,,,,,,,,,,,,,
464,T11B,T9B,0.347671007,,,,,,,,,,,,,,,
465,T12A,T9B,0.270402982,,,,,,,,,,,,,,,
466,T12B,T9B,0.57906536,,,,,,,,,,,,,,,
467,T13A,T9B,0.598895603,,,,,,,,,,,,,,,
468,T13B,T9B,0.544834047,,,,,,,,,,,,,,,
469,T1A,T10A,0.444792314,,,,,,,,,,,,,,,
470,T1B,T10A,0.562711327,,,,,,,,,,,,,,,
471,T2A,T10A,0.932397679,,,,,,,,,,,,,,,
472,T2B,T10A,0.76460256,,,,,,,,,,,,,,,
473,T3A,T10A,0.70328863,,,,,,,,,,,,,,,
474,T3B,T10A,0.463907449,,,,,,,,,,,,,,,
475,T4A,T10A,0.769426174,,,,,,,,,,,,,,,
476,T4B,T10A,0.763580977,,,,,,,,,,,,,,,
477,T5A,T10A,0.764655161,,,,,,,,,,,,,,,
478,T5B,T10A,0.760896168,,,,,,,,,,,,,,,
479,T6A,T10A,0.7631743,,,,,,,,,,,,,,,
480,T6B,T10A,0.763227987,,,,,,,,,,,,,,,
481,T7A,T10A,0.907106093,,,,,,,,,,,,,,,
482,T7B,T10A,0.76003456,,,,,,,,,,,,,,,
483,T8A,T10A,0.790859869,,,,,,,,,,,,,,,
484,T8B,T10A,0.496883083,,,,,,,,,,,,,,,
485,T9A,T10A,0.761713,,,,,,,,,,,,,,,
486,T9B,T10A,0.763135827,,,,,,,,,,,,,,,
487,T10A,T10A,0,,,,,,,,,,,,,,,
488,T10B,T10A,0.569722868,,,,,,,,,,,,,,,
489,T11A,T10A,0.762830656,,,,,,,,,,,,,,,
490,T11B,T10A,0.761746039,,,,,,,,,,,,,,,
491,T12A,T10A,0.762923468,,,,,,,,,,,,,,,
492,T12B,T10A,0.767566023,,,,,,,,,,,,,,,
493,T13A,T10A,0.7637979,,,,,,,,,,,,,,,
494,T13B,T10A,0.761873845,,,,,,,,,,,,,,,
495,T1A,T10B,0.978853435,,,,,,,,,,,,,,,
496,T1B,T10B,0.978202013,,,,,,,,,,,,,,,
497,T2A,T10B,0.729329667,,,,,,,,,,,,,,,
498,T2B,T10B,0.684148934,,,,,,,,,,,,,,,
499,T3A,T10B,0.604773187,,,,,,,,,,,,,,,
500,T3B,T10B,0.70674919,,,,,,,,,,,,,,,
501,T4A,T10B,0.781376747,,,,,,,,,,,,,,,
502,T4B,T10B,0.580179103,,,,,,,,,,,,,,,
503,T5A,T10B,0.783081053,,,,,,,,,,,,,,,
504,T5B,T10B,0.768426109,,,,,,,,,,,,,,,
505,T6A,T10B,0.781056796,,,,,,,,,,,,,,,
506,T6B,T10B,0.781415871,,,,,,,,,,,,,,,
507,T7A,T10B,0.726888517,,,,,,,,,,,,,,,
508,T7B,T10B,0.57773078,,,,,,,,,,,,,,,
509,T8A,T10B,0.575681092,,,,,,,,,,,,,,,
510,T8B,T10B,0.844373248,,,,,,,,,,,,,,,
511,T9A,T10B,0.707098485,,,,,,,,,,,,,,,
512,T9B,T10B,0.778303954,,,,,,,,,,,,,,,
513,T10A,T10B,0.569722868,,,,,,,,,,,,,,,
514,T10B,T10B,0,,,,,,,,,,,,,,,
515,T11A,T10B,0.780418197,,,,,,,,,,,,,,,
516,T11B,T10B,0.766677245,,,,,,,,,,,,,,,
517,T12A,T10B,0.724679071,,,,,,,,,,,,,,,
518,T12B,T10B,0.746167757,,,,,,,,,,,,,,,
519,T13A,T10B,0.725790423,,,,,,,,,,,,,,,
520,T13B,T10B,0.777683613,,,,,,,,,,,,,,,
521,T1A,T11A,0.991390223,,,,,,,,,,,,,,,
522,T1B,T11A,0.984502141,,,,,,,,,,,,,,,
523,T2A,T11A,0.924914035,,,,,,,,,,,,,,,
524,T2B,T11A,0.288783881,,,,,,,,,,,,,,,
525,T3A,T11A,0.464694503,,,,,,,,,,,,,,,
526,T3B,T11A,0.476139066,,,,,,,,,,,,,,,
527,T4A,T11A,0.030512096,,,,,,,,,,,,,,,
528,T4B,T11A,0.356770057,,,,,,,,,,,,,,,
529,T5A,T11A,0.081045058,,,,,,,,,,,,,,,
530,T5B,T11A,0.09092812,,,,,,,,,,,,,,,
531,T6A,T11A,0.029074271,,,,,,,,,,,,,,,
532,T6B,T11A,0.038238529,,,,,,,,,,,,,,,
533,T7A,T11A,0.918538701,,,,,,,,,,,,,,,
534,T7B,T11A,0.434496924,,,,,,,,,,,,,,,
535,T8A,T11A,0.792270307,,,,,,,,,,,,,,,
536,T8B,T11A,0.840127372,,,,,,,,,,,,,,,
537,T9A,T11A,0.229562675,,,,,,,,,,,,,,,
538,T9B,T11A,0.052221401,,,,,,,,,,,,,,,
539,T10A,T11A,0.762830656,,,,,,,,,,,,,,,
540,T10B,T11A,0.780418197,,,,,,,,,,,,,,,
541,T11A,T11A,0,,,,,,,,,,,,,,,
542,T11B,T11A,0.347577325,,,,,,,,,,,,,,,
543,T12A,T11A,0.286343817,,,,,,,,,,,,,,,
544,T12B,T11A,0.585050971,,,,,,,,,,,,,,,
545,T13A,T11A,0.608697372,,,,,,,,,,,,,,,
546,T13B,T11A,0.553176256,,,,,,,,,,,,,,,
547,T1A,T11B,0.986316865,,,,,,,,,,,,,,,
548,T1B,T11B,0.839639837,,,,,,,,,,,,,,,
549,T2A,T11B,0.912662856,,,,,,,,,,,,,,,
550,T2B,T11B,0.295847371,,,,,,,,,,,,,,,
551,T3A,T11B,0.436738975,,,,,,,,,,,,,,,
552,T3B,T11B,0.456130589,,,,,,,,,,,,,,,
553,T4A,T11B,0.370399722,,,,,,,,,,,,,,,
554,T4B,T11B,0.351508901,,,,,,,,,,,,,,,
555,T5A,T11B,0.273413828,,,,,,,,,,,,,,,
556,T5B,T11B,0.274022866,,,,,,,,,,,,,,,
557,T6A,T11B,0.334002869,,,,,,,,,,,,,,,
558,T6B,T11B,0.317212598,,,,,,,,,,,,,,,
559,T7A,T11B,0.88267981,,,,,,,,,,,,,,,
560,T7B,T11B,0.403343187,,,,,,,,,,,,,,,
561,T8A,T11B,0.775806508,,,,,,,,,,,,,,,
562,T8B,T11B,0.840862043,,,,,,,,,,,,,,,
563,T9A,T11B,0.343729432,,,,,,,,,,,,,,,
564,T9B,T11B,0.347671007,,,,,,,,,,,,,,,
565,T10A,T11B,0.761746039,,,,,,,,,,,,,,,
566,T10B,T11B,0.766677245,,,,,,,,,,,,,,,
567,T11A,T11B,0.347577325,,,,,,,,,,,,,,,
568,T11B,T11B,0,,,,,,,,,,,,,,,
569,T12A,T11B,0.332984981,,,,,,,,,,,,,,,
570,T12B,T11B,0.570327559,,,,,,,,,,,,,,,
571,T13A,T11B,0.471716261,,,,,,,,,,,,,,,
572,T13B,T11B,0.544480405,,,,,,,,,,,,,,,
573,T1A,T12A,0.990383637,,,,,,,,,,,,,,,
574,T1B,T12A,0.971408047,,,,,,,,,,,,,,,
575,T2A,T12A,0.871327407,,,,,,,,,,,,,,,
576,T2B,T12A,0.120930511,,,,,,,,,,,,,,,
577,T3A,T12A,0.399419436,,,,,,,,,,,,,,,
578,T3B,T12A,0.463698133,,,,,,,,,,,,,,,
579,T4A,T12A,0.301580412,,,,,,,,,,,,,,,
580,T4B,T12A,0.30023366,,,,,,,,,,,,,,,
581,T5A,T12A,0.292003173,,,,,,,,,,,,,,,
582,T5B,T12A,0.28459104,,,,,,,,,,,,,,,
583,T6A,T12A,0.286713978,,,,,,,,,,,,,,,
584,T6B,T12A,0.28481405,,,,,,,,,,,,,,,
585,T7A,T12A,0.838654335,,,,,,,,,,,,,,,
586,T7B,T12A,0.36316604,,,,,,,,,,,,,,,
587,T8A,T12A,0.736742018,,,,,,,,,,,,,,,
588,T8B,T12A,0.845696307,,,,,,,,,,,,,,,
589,T9A,T12A,0.21637077,,,,,,,,,,,,,,,
590,T9B,T12A,0.270402982,,,,,,,,,,,,,,,
591,T10A,T12A,0.762923468,,,,,,,,,,,,,,,
592,T10B,T12A,0.724679071,,,,,,,,,,,,,,,
593,T11A,T12A,0.286343817,,,,,,,,,,,,,,,
594,T11B,T12A,0.332984981,,,,,,,,,,,,,,,
595,T12A,T12A,0,,,,,,,,,,,,,,,
596,T12B,T12A,0.550467538,,,,,,,,,,,,,,,
597,T13A,T12A,0.545198339,,,,,,,,,,,,,,,
598,T13B,T12A,0.545320495,,,,,,,,,,,,,,,
599,T1A,T12B,0.962797835,,,,,,,,,,,,,,,
600,T1B,T12B,0.968518486,,,,,,,,,,,,,,,
601,T2A,T12B,0.906337079,,,,,,,,,,,,,,,
602,T2B,T12B,0.550478405,,,,,,,,,,,,,,,
603,T3A,T12B,0.552572217,,,,,,,,,,,,,,,
604,T3B,T12B,0.564592997,,,,,,,,,,,,,,,
605,T4A,T12B,0.58510118,,,,,,,,,,,,,,,
606,T4B,T12B,0.552450279,,,,,,,,,,,,,,,
607,T5A,T12B,0.587033712,,,,,,,,,,,,,,,
608,T5B,T12B,0.577365618,,,,,,,,,,,,,,,
609,T6A,T12B,0.58545091,,,,,,,,,,,,,,,
610,T6B,T12B,0.586146673,,,,,,,,,,,,,,,
611,T7A,T12B,0.90305084,,,,,,,,,,,,,,,
612,T7B,T12B,0.548681505,,,,,,,,,,,,,,,
613,T8A,T12B,0.716583346,,,,,,,,,,,,,,,
614,T8B,T12B,0.540257352,,,,,,,,,,,,,,,
615,T9A,T12B,0.548301128,,,,,,,,,,,,,,,
616,T9B,T12B,0.57906536,,,,,,,,,,,,,,,
617,T10A,T12B,0.767566023,,,,,,,,,,,,,,,
618,T10B,T12B,0.746167757,,,,,,,,,,,,,,,
619,T11A,T12B,0.585050971,,,,,,,,,,,,,,,
620,T11B,T12B,0.570327559,,,,,,,,,,,,,,,
621,T12A,T12B,0.550467538,,,,,,,,,,,,,,,
622,T12B,T12B,0,,,,,,,,,,,,,,,
623,T13A,T12B,0.565695872,,,,,,,,,,,,,,,
624,T13B,T12B,0.566116026,,,,,,,,,,,,,,,
625,T1A,T13A,0.986027778,,,,,,,,,,,,,,,
626,T1B,T13A,0.481261982,,,,,,,,,,,,,,,
627,T2A,T13A,0.878816702,,,,,,,,,,,,,,,
628,T2B,T13A,0.497874237,,,,,,,,,,,,,,,
629,T3A,T13A,0.53655748,,,,,,,,,,,,,,,
630,T3B,T13A,0.581769948,,,,,,,,,,,,,,,
631,T4A,T13A,0.613782903,,,,,,,,,,,,,,,
632,T4B,T13A,0.559200991,,,,,,,,,,,,,,,
633,T5A,T13A,0.612627861,,,,,,,,,,,,,,,
634,T5B,T13A,0.602031865,,,,,,,,,,,,,,,
635,T6A,T13A,0.603349708,,,,,,,,,,,,,,,
636,T6B,T13A,0.604453235,,,,,,,,,,,,,,,
637,T7A,T13A,0.847230856,,,,,,,,,,,,,,,
638,T7B,T13A,0.544051992,,,,,,,,,,,,,,,
639,T8A,T13A,0.402668942,,,,,,,,,,,,,,,
640,T8B,T13A,0.842344208,,,,,,,,,,,,,,,
641,T9A,T13A,0.529174256,,,,,,,,,,,,,,,
642,T9B,T13A,0.598895603,,,,,,,,,,,,,,,
643,T10A,T13A,0.7637979,,,,,,,,,,,,,,,
644,T10B,T13A,0.725790423,,,,,,,,,,,,,,,
645,T11A,T13A,0.608697372,,,,,,,,,,,,,,,
646,T11B,T13A,0.471716261,,,,,,,,,,,,,,,
647,T12A,T13A,0.545198339,,,,,,,,,,,,,,,
648,T12B,T13A,0.565695872,,,,,,,,,,,,,,,
649,T13A,T13A,0,,,,,,,,,,,,,,,
650,T13B,T13A,0.213754646,,,,,,,,,,,,,,,
651,T1A,T13B,0.987739692,,,,,,,,,,,,,,,
652,T1B,T13B,0.588990371,,,,,,,,,,,,,,,
653,T2A,T13B,0.926259482,,,,,,,,,,,,,,,
654,T2B,T13B,0.541440216,,,,,,,,,,,,,,,
655,T3A,T13B,0.544108071,,,,,,,,,,,,,,,
656,T3B,T13B,0.546877214,,,,,,,,,,,,,,,
657,T4A,T13B,0.563312539,,,,,,,,,,,,,,,
658,T4B,T13B,0.55706436,,,,,,,,,,,,,,,
659,T5A,T13B,0.556754624,,,,,,,,,,,,,,,
660,T5B,T13B,0.554303041,,,,,,,,,,,,,,,
661,T6A,T13B,0.543840068,,,,,,,,,,,,,,,
662,T6B,T13B,0.548901037,,,,,,,,,,,,,,,
663,T7A,T13B,0.917972265,,,,,,,,,,,,,,,
664,T7B,T13B,0.544009607,,,,,,,,,,,,,,,
665,T8A,T13B,0.4539131,,,,,,,,,,,,,,,
666,T8B,T13B,0.843572717,,,,,,,,,,,,,,,
667,T9A,T13B,0.542824135,,,,,,,,,,,,,,,
668,T9B,T13B,0.544834047,,,,,,,,,,,,,,,
669,T10A,T13B,0.761873845,,,,,,,,,,,,,,,
670,T10B,T13B,0.777683613,,,,,,,,,,,,,,,
671,T11A,T13B,0.553176256,,,,,,,,,,,,,,,
672,T11B,T13B,0.544480405,,,,,,,,,,,,,,,
673,T12A,T13B,0.545320495,,,,,,,,,,,,,,,
674,T12B,T13B,0.566116026,,,,,,,,,,,,,,,
675,T13A,T13B,0.213754646,,,,,,,,,,,,,,,
676,T13B,T13B,0,,,,,,,,,,,,,,,
